{
    "Чай черный": {
        "average_price": 4297.05,
        "max_price": 9696,
        "min_price": 819
    },
    "Блюдца": {
        "average_price": 5313.95,
        "max_price": 9935,
        "min_price": 734
    },
    "Туалетная бумага": {
        "average_price": 5287.8,
        "max_price": 8826,
        "min_price": 953
    },
    "Редис": {
        "average_price": 5646.457142857143,
        "max_price": 9714,
        "min_price": 162
    },
    "Энергетический напиток": {
        "average_price": 4720.5,
        "max_price": 8078,
        "min_price": 175
    },
    "Шейка": {
        "average_price": 4721.125,
        "max_price": 9180,
        "min_price": 203
    },
    "Сыр": {
        "average_price": 4776.625,
        "max_price": 9408,
        "min_price": 236
    },
    "Персик": {
        "average_price": 5478.722222222223,
        "max_price": 9664,
        "min_price": 1598
    },
    "Айран": {
        "average_price": 3985.8571428571427,
        "max_price": 6811,
        "min_price": 187
    },
    "Баклажан": {
        "average_price": 5004.7692307692305,
        "max_price": 9246,
        "min_price": 1132
    },
    "Тан": {
        "average_price": 4385.222222222223,
        "max_price": 7430,
        "min_price": 912
    },
    "Пена для бритья": {
        "average_price": 4743.533333333334,
        "max_price": 9209,
        "min_price": 274
    },
    "Ананас": {
        "average_price": 4830.444444444444,
        "max_price": 9246,
        "min_price": 284
    },
    "Йогурт": {
        "average_price": 5190.833333333333,
        "max_price": 9398,
        "min_price": 1241
    },
    "Брынза": {
        "average_price": 5477.1578947368425,
        "max_price": 9945,
        "min_price": 1750
    },
    "Слива": {
        "average_price": 5771.222222222223,
        "max_price": 8540,
        "min_price": 1256
    },
    "Малина": {
        "average_price": 6106.125,
        "max_price": 9879,
        "min_price": 3142
    },
    "Портулак": {
        "average_price": 4534.571428571428,
        "max_price": 8475,
        "min_price": 166
    },
    "Рамбутан": {
        "average_price": 5147.214285714285,
        "max_price": 9217,
        "min_price": 701
    },
    "Зеленый перец молотый": {
        "average_price": 4882.071428571428,
        "max_price": 9675,
        "min_price": 1804
    },
    "Дыня": {
        "average_price": 5040.210526315789,
        "max_price": 9703,
        "min_price": 651
    },
    "Пакеты для Всемирного дня окружающей среды": {
        "average_price": 5154.636363636364,
        "max_price": 8707,
        "min_price": 464
    },
    "Сметана": {
        "average_price": 4719.566666666667,
        "max_price": 9773,
        "min_price": 215
    },
    "Ямс": {
        "average_price": 4542.416666666667,
        "max_price": 6922,
        "min_price": 122
    },
    "Варенец": {
        "average_price": 4277.166666666667,
        "max_price": 9138,
        "min_price": 119
    },
    "Прошутто": {
        "average_price": 3016.5714285714284,
        "max_price": 7448,
        "min_price": 271
    },
    "Пакеты для Дня учителя": {
        "average_price": 4970.666666666667,
        "max_price": 9595,
        "min_price": 856
    },
    "Каша из дробленного пшена": {
        "average_price": 5008.714285714285,
        "max_price": 7584,
        "min_price": 730
    },
    "Кабачок": {
        "average_price": 5547.1,
        "max_price": 9732,
        "min_price": 838
    },
    "Чувашская": {
        "average_price": 5905.125,
        "max_price": 9995,
        "min_price": 158
    },
    "Рис": {
        "average_price": 5227.235294117647,
        "max_price": 9963,
        "min_price": 256
    },
    "7UP": {
        "average_price": 4442.428571428572,
        "max_price": 9946,
        "min_price": 211
    },
    "Подсолнечник семена": {
        "average_price": 6243.9,
        "max_price": 9485,
        "min_price": 1386
    },
    "Кольраби": {
        "average_price": 3827.909090909091,
        "max_price": 8246,
        "min_price": 461
    },
    "Оленина": {
        "average_price": 4995.416666666667,
        "max_price": 9300,
        "min_price": 827
    },
    "Каша из теффа": {
        "average_price": 3930.0,
        "max_price": 9891,
        "min_price": 165
    },
    "Морс брусничный": {
        "average_price": 5113.789473684211,
        "max_price": 9636,
        "min_price": 492
    },
    "Сало": {
        "average_price": 5773.6,
        "max_price": 9310,
        "min_price": 641
    },
    "Крыжовник": {
        "average_price": 3145.5,
        "max_price": 4848,
        "min_price": 229
    },
    "Фенхель": {
        "average_price": 5759.875,
        "max_price": 9818,
        "min_price": 1109
    },
    "Пакеты для барбекю": {
        "average_price": 4820.631578947368,
        "max_price": 8804,
        "min_price": 358
    },
    "Тыква": {
        "average_price": 5581.571428571428,
        "max_price": 9796,
        "min_price": 521
    },
    "Каша из дробленой булгура": {
        "average_price": 6263.357142857143,
        "max_price": 9068,
        "min_price": 2151
    },
    "Язык": {
        "average_price": 4039.0,
        "max_price": 8501,
        "min_price": 927
    },
    "Роллы с мясом": {
        "average_price": 5426.7692307692305,
        "max_price": 9591,
        "min_price": 332
    },
    "Самса": {
        "average_price": 6080.666666666667,
        "max_price": 9561,
        "min_price": 199
    },
    "Евпатория": {
        "average_price": 5594.529411764706,
        "max_price": 9393,
        "min_price": 657
    },
    "Сода пищевая": {
        "average_price": 5373.5,
        "max_price": 9527,
        "min_price": 2140
    },
    "Гауда": {
        "average_price": 4823.727272727273,
        "max_price": 8987,
        "min_price": 490
    },
    "Каша из дробленной кукурузной крупы": {
        "average_price": 6642.25,
        "max_price": 9904,
        "min_price": 937
    },
    "Кукуруза консервированная": {
        "average_price": 4418.333333333333,
        "max_price": 6932,
        "min_price": 2998
    },
    "Мыло твердое": {
        "average_price": 4987.0,
        "max_price": 9796,
        "min_price": 121
    },
    "Студень": {
        "average_price": 5094.235294117647,
        "max_price": 9453,
        "min_price": 118
    },
    "Сэндвичи с ветчиной": {
        "average_price": 7691.8,
        "max_price": 9951,
        "min_price": 5119
    },
    "Брокколи": {
        "average_price": 4708.294117647059,
        "max_price": 9922,
        "min_price": 179
    },
    "Конина": {
        "average_price": 5846.0,
        "max_price": 9729,
        "min_price": 517
    },
    "Виноград": {
        "average_price": 5998.642857142857,
        "max_price": 9255,
        "min_price": 381
    },
    "Геркулес": {
        "average_price": 4479.285714285715,
        "max_price": 7388,
        "min_price": 196
    },
    "Простокваша": {
        "average_price": 4568.571428571428,
        "max_price": 9011,
        "min_price": 2295
    },
    "Вяленое мясо": {
        "average_price": 5195.9375,
        "max_price": 9982,
        "min_price": 610
    },
    "Творог": {
        "average_price": 7052.4,
        "max_price": 9981,
        "min_price": 333
    },
    "Пакеты для бассейна": {
        "average_price": 3339.0714285714284,
        "max_price": 9773,
        "min_price": 409
    },
    "Пакеты для Всемирного дня музыки": {
        "average_price": 5987.875,
        "max_price": 8764,
        "min_price": 1108
    },
    "Камамбер": {
        "average_price": 4173.6,
        "max_price": 7572,