{
    "sum": 4774808,
    "avr": 158.14811870694223,
    "sumMD": 23194,
    "avrMD": 170.5441176470588,
    "sumSD": 21954,
    "avrSD": 161.4264705882353,
    "max": 303,
    "min": 14
}